id;ident;name;description
1;scalable;Small;../fake-data/blob/hipster.txt
2;deliverables reinvent 24 hour;overriding;../fake-data/blob/hipster.txt
3;monitor 1080p Checking Account;world-class Frozen IB;../fake-data/blob/hipster.txt
4;Highway Ergonomic;moratorium moratorium;../fake-data/blob/hipster.txt
5;New York tangible Mississippi;Frozen bus;../fake-data/blob/hipster.txt
6;hard drive Robust Networked;Poland;../fake-data/blob/hipster.txt
7;Small partnerships;Outdoors;../fake-data/blob/hipster.txt
8;Harbor Montana;Corporate Phased relationships;../fake-data/blob/hipster.txt
9;white Brand Money Market Account;Salad Web virtual;../fake-data/blob/hipster.txt
10;Refined Squares;maroon;../fake-data/blob/hipster.txt
