id;uid;version;name;email;interests;city;country;photo;photo_content_type
1;Future;292;Sleek Rubber Car Corporate;Doyle.Koss33@gmail.com;Borders turquoise;Isadoreburgh;Kuwait;../fake-data/blob/hipster.png;image/png
2;Montana;53700;TCP;Dahlia84@gmail.com;encompassing;Lake Ian;Mexico;../fake-data/blob/hipster.png;image/png
3;Berkshire;29348;Response;Raymundo61@yahoo.com;Granite visionary Borders;Bartellport;Pakistan;../fake-data/blob/hipster.png;image/png
4;Tasty Cotton Keyboard Response Shirt;38987;interface JSON;Micah_Gerhold@hotmail.com;secured line;Verdashire;Somalia;../fake-data/blob/hipster.png;image/png
5;Sports deposit Handmade Concrete Bacon;5952;Auto Loan Account;Deshawn.Buckridge@hotmail.com;Prairie revolutionary Rubber;South Nettie;Tonga;../fake-data/blob/hipster.png;image/png
6;optimize;32108;reboot bandwidth;Marie_Oberbrunner@yahoo.com;Checking Account Borders;Port Bettystad;Canada;../fake-data/blob/hipster.png;image/png
7;Fish deposit reboot;52999;connecting;Bryce69@hotmail.com;France Meadow;New Graysontown;Turkey;../fake-data/blob/hipster.png;image/png
8;multi-byte;21605;Row quantifying;Rosanna_Howe42@gmail.com;Bulgarian Lev interactive;Port Pat;Montenegro;../fake-data/blob/hipster.png;image/png
9;Secured revolutionize;45012;Virginia index Incredible;Kristina.Anderson@hotmail.com;Clothing visualize;Garnettport;Central African Republic;../fake-data/blob/hipster.png;image/png
10;systems;14259;Legacy;Ubaldo.Crist@yahoo.com;withdrawal deposit;West Antonia;Serbia;../fake-data/blob/hipster.png;image/png
