id;ident;text;timestamp
1;Books CSS Holy See (Vatican City State);../fake-data/blob/hipster.txt;2019-10-03T22:17:54
2;primary Supervisor proactive;../fake-data/blob/hipster.txt;2019-10-04T02:25:24
3;integrate;../fake-data/blob/hipster.txt;2019-10-04T09:19:07
4;Home Loan Account AGP;../fake-data/blob/hipster.txt;2019-10-03T21:13:04
5;bypass e-services;../fake-data/blob/hipster.txt;2019-10-04T10:43:23
6;monitor Adaptive;../fake-data/blob/hipster.txt;2019-10-04T18:11:03
7;B2C systematic;../fake-data/blob/hipster.txt;2019-10-04T13:43:27
8;Persevering Gorgeous Steel Salad Associate;../fake-data/blob/hipster.txt;2019-10-04T10:34:09
9;disintermediate;../fake-data/blob/hipster.txt;2019-10-04T04:31:27
10;lavender;../fake-data/blob/hipster.txt;2019-10-03T22:02:12
