id;ident;class_name;method_name;description
1;red cyan Nuevo Sol;Orchestrator Views;bypass Plastic robust;../fake-data/blob/hipster.txt
2;Coordinator quantifying;Chief architecture Honduras;Practical Concrete Mouse Multi-layered Causeway;../fake-data/blob/hipster.txt
3;Security;Table;Virgin Islands, British;../fake-data/blob/hipster.txt
4;hack Executive synergies;Bacon;migration;../fake-data/blob/hipster.txt
5;white;Fresh;viral;../fake-data/blob/hipster.txt
6;Quetzal Tasty Concrete Mouse;Corporate navigate Refined;Ball Ergonomic Buckinghamshire;../fake-data/blob/hipster.txt
7;hard drive;back-end Granite;haptic budgetary management;../fake-data/blob/hipster.txt
8;Checking Account;Shoes;Practical Way Graphic Interface;../fake-data/blob/hipster.txt
9;protocol full-range bleeding-edge;array;Norway Consultant;../fake-data/blob/hipster.txt
10;CSS alliance;Fresh Wyoming;Chief implement sky blue;../fake-data/blob/hipster.txt
