id;class_name;uid
1;Auto Loan Account;Handcrafted Granite Shirt Vermont Savings Account
2;port TCP monitor;Saint Kitts and Nevis indexing transmitting
3;tan Plastic regional;Mission Bacon
4;transition Berkshire Movies;expedite auxiliary
5;cohesive blue Refined Granite Shirt;Saint Barthelemy
6;bypassing Nigeria Associate;syndicate mobile
7;Vision-oriented Infrastructure;hierarchy
8;Incredible Soft Pants;Handmade Cotton Pants Islands
9;Handcrafted Plastic Fish Solutions architect;invoice Berkshire Kids
10;Licensed Awesome Ergonomic Rubber Cheese;Nevada haptic
