id;why;jhi_when;is_created_by_apsee
1;../fake-data/blob/hipster.txt;2019-10-04;false
2;../fake-data/blob/hipster.txt;2019-10-04;true
3;../fake-data/blob/hipster.txt;2019-10-04;false
4;../fake-data/blob/hipster.txt;2019-10-04;true
5;../fake-data/blob/hipster.txt;2019-10-04;false
6;../fake-data/blob/hipster.txt;2019-10-04;true
7;../fake-data/blob/hipster.txt;2019-10-04;false
8;../fake-data/blob/hipster.txt;2019-10-04;true
9;../fake-data/blob/hipster.txt;2019-10-04;false
10;../fake-data/blob/hipster.txt;2019-10-04;true
