id;name;description;creation_date
1;schemas Industrial;../fake-data/blob/hipster.txt;2019-10-04
2;bus withdrawal Toys;../fake-data/blob/hipster.txt;2019-10-04
3;Distributed;../fake-data/blob/hipster.txt;2019-10-04
4;Kids Incredible;../fake-data/blob/hipster.txt;2019-10-04
5;Salad payment;../fake-data/blob/hipster.txt;2019-10-04
6;Licensed Visionary pixel;../fake-data/blob/hipster.txt;2019-10-04
7;parsing matrix Belize Dollar;../fake-data/blob/hipster.txt;2019-10-04
8;eco-centric Senior;../fake-data/blob/hipster.txt;2019-10-04
9;Handmade fuchsia;../fake-data/blob/hipster.txt;2019-10-04
10;Salad;../fake-data/blob/hipster.txt;2019-10-04
