id;date;operation;class_name;uid
1;2019-10-13;wireless Buckinghamshire;Baby;Credit Card Account
2;2019-10-13;Tuna pink;scale Salad Reverse-engineered;Investment Account invoice
3;2019-10-13;Nevada invoice Gloves;models port;plum collaboration
4;2019-10-13;fuchsia metrics;firewall override Arkansas;Belarussian Ruble deploy
5;2019-10-13;invoice redundant;Papua New Guinea;motivating Mobility
6;2019-10-13;interface;overriding;Cedi olive
7;2019-10-13;actuating invoice transmitting;Skyway Officer primary;Dobra intuitive eyeballs
8;2019-10-14;demand-driven Grocery;AGP connecting deposit;Manat hardware Dynamic
9;2019-10-13;policy District;Hryvnia Refined compress;Oklahoma Tasty Wooden Bacon Agent
10;2019-10-13;transmit wireless TCP;Forest Arizona groupware;Frozen
