id;ident;data;service_file_id
1;Licensed Manager Borders;copying;relationships quantify generate
2;array Delaware;Refined New York PNG;Keyboard Overpass
3;open-source;circuit Engineer Intelligent;SAS deposit
4;Saint Barthelemy;generating Savings Account Indian Rupee;haptic Macedonia
5;synthesizing;Sports back up ivory;navigate Croatian Kuna hack
6;implementation XML Liaison;deploy payment;SSL Savings Account reintermediate
7;Clothing Chair;Savings Account;Bacon evolve
8;Utah Mission;protocol Awesome;Oklahoma
9;Generic Granite Chicken Auto Loan Account;3rd generation copying;deposit Car
10;out-of-the-box mobile program;connecting Japan enable;policy
