id;ident;file_name;description
1;Ball;tan Shirt programming;../fake-data/blob/hipster.txt
2;Personal Loan Account;Designer Maine;../fake-data/blob/hipster.txt
3;cross-platform;solid state;../fake-data/blob/hipster.txt
4;Senior efficient;generating cross-platform Chips;../fake-data/blob/hipster.txt
5;Electronics Down-sized Tajikistan;Persevering optimizing;../fake-data/blob/hipster.txt
6;Auto Loan Account;auxiliary Investment Account;../fake-data/blob/hipster.txt
7;Decentralized high-level Guam;Gorgeous;../fake-data/blob/hipster.txt
8;Up-sized Program;mission-critical azure Seamless;../fake-data/blob/hipster.txt
9;Mississippi Health input;Soap Buckinghamshire convergence;../fake-data/blob/hipster.txt
10;matrix Accounts;repurpose indexing;../fake-data/blob/hipster.txt
