id;ident;name;description;is_active
1;global mindshare;Ameliorated;../fake-data/blob/hipster.txt;false
2;Refined infomediaries Som;Salad;../fake-data/blob/hipster.txt;false
3;Enterprise-wide Benin;Tuna Response invoice;../fake-data/blob/hipster.txt;true
4;payment e-markets system;Organic;../fake-data/blob/hipster.txt;false
5;hack;leading-edge;../fake-data/blob/hipster.txt;false
6;Small;JBOD;../fake-data/blob/hipster.txt;true
7;Bridge;connect;../fake-data/blob/hipster.txt;true
8;e-business Light;integrate Personal Loan Account;../fake-data/blob/hipster.txt;true
9;Gorgeous Cotton Chair Personal Loan Account Borders;Norfolk Island Chilean Peso Unidades de fomento Checking Account;../fake-data/blob/hipster.txt;true
10;Solutions COM;Data North Dakota;../fake-data/blob/hipster.txt;false
